brand,barrier,match_count,example_quotes
Acuvue,too expensive,90,"[This brand offers the lowest prices in the city.](https://www.hktvmall.com/hktv/en/main/123-OPTICAL/s/H9723001/Personal-Care-%26-Health/Personal-Care-%26-Health/Contact-Lenses-%26-Eye-Care/Contact-Lenses/Colour-Contact-Lens/Daily-Disposable/Define-in-Fresh-Hazel-1Day-Contact-Lens-Parallel-Import-30PCS/p/H9723001_S_A413010_p-000?scrollTo=reviewTab) (review) | [The price is on the higher side.](https://www.hktvmall.com/hktv/en/main/Easy-Look/s/H5711001/Personal-Care-%26-Health/Personal-Care-%26-Health/Contact-Lenses-%26-Eye-Care/Contact-Lenses/Colour-Contact-Lens/Daily-Disposable/Define-Fresh-in-Fresh-Hazel-1Day-Contact-Lens-BC85-P000-Random-Pick-for-OldNew-Packaging/p/H5711001_S_Define_FH_1day-85-0?scrollTo=reviewTab) (review) | [It’s a bit pricey, but worth it.](https://www.hktvmall.com/hktv/en/main/Eyesmart/s/H9835002/Personal-Care-%26-Health/Personal-Care-%26-Health/Contact-Lenses-%26-Eye-Care/Contact-Lenses/Multifocal-Contact-Lenses/Daily-Disposable/MED-ACUVUE-MOIST-MULTIFOCAL-Daily-Disposal-Contact-Lenses-Parallel-imported/p/H9835002_S_Moist-MF-MED-100?scrollTo=reviewTab) (review)"
Acuvue,previous bad experience,65,[I worry about counterfeit products; eye health is very important.](https://www.hktvmall.com/hktv/en/main/KINGCON/s/H7249002/Personal-Care-%26-Health/Personal-Care-%26-Health/Contact-Lenses-%26-Eye-Care/Contact-Lenses/Spherical-for-Short-Long-sighted/Daily-Disposable/OASYS-1DAY-with-HydraLuxe-Contact-Lenses/p/H7249002_S_JJACOD30-85M0100?scrollTo=reviewTab) (review) | [The product description doesn't match what was delivered.](https://www.hktvmall.com/hktv/en/main/Timely-CON/s/B1048002/Personal-Care-%26-Health/Personal-Care-%26-Health/Contact-Lenses-%26-Eye-Care/Contact-Lenses/Colour-Contact-Lens/Daily-Disposable/1DAY-DEFINE-VIVID-STYLE-BC-85-30P-100/p/B1048002_S_733905388064?scrollTo=reviewTab) (review) | [Received the wrong product; unsure if it can be exchanged.](https://www.hktvmall.com/hktv/en/main/Easy-Look/s/H5711001/Personal-Care-%26-Health/Personal-Care-%26-Health/Contact-Lenses-%26-Eye-Care/Contact-Lenses/Spherical-for-Short-Long-sighted/Daily-Disposable/BC-90-Acuvue-Moist-1Day-Contact-Lens-P-100-Parallel-Import/p/H5711001_S_MoistPI_reg_1day-90-100S?scrollTo=reviewTab) (review)
Acuvue,bad reviews,62,[It's hard to tell apart between the imported and parallel products.](https://www.hktvmall.com/hktv/en/main/Habitual-Goods/s/B1048001/Personal-Care-%26-Health/Personal-Care-%26-Health/Contact-Lenses-%26-Eye-Care/Contact-Lenses/Spherical-for-Short-Long-sighted/Daily-Disposable/OAS-WITH-HYDRALUXE-BC-90-30P-1200-Parallel-Import/p/B1048001_S_733905819094?scrollTo=reviewTab) (review) | [Quality issues were encountered with defects in the contact lenses.](https://www.hktvmall.com/hktv/en/main/BROTHER-OPTICAL/s/B1412001/Personal-Care-%26-Health/Personal-Care-%26-Health/Contact-Lenses-%26-Eye-Care/Contact-Lenses/Spherical-for-Short-Long-sighted/Bi-weekly-Disposable/BC-88-Acuvue-Oasys-2Week-Contact-Lens-Parallel-Import/p/B1412001_S_CA130602_p-100?scrollTo=reviewTab) (review) | [Doubts about product quality arise due to close expiration dates.](https://www.hktvmall.com/hktv/en/main/LENSee/s/B0217001/Personal-Care-%26-Health/Personal-Care-%26-Health/Contact-Lenses-%26-Eye-Care/Contact-Lenses/Spherical-for-Short-Long-sighted/Daily-Disposable/BC-85-Oasys-1Day-Contact-Lenses-P-100-Parallel-Import-Random-Pick-for-OldNew-Packaging/p/B0217001_S_85OasysPI30-0100?scrollTo=reviewTab) (review)
Acuvue,used to current brand,41,[I've been using this brand for years and find it comfortable.](https://www.hktvmall.com/hktv/en/main/BROTHER-OPTICAL/s/B1412001/Personal-Care-%26-Health/Personal-Care-%26-Health/Contact-Lenses-%26-Eye-Care/Contact-Lenses/Spherical-for-Short-Long-sighted/Bi-weekly-Disposable/12pBC-88-Acuvue-Oasys-2Week-Contact-Lens-Parallel-Import/p/B1412001_S_CA131202_p-100?scrollTo=reviewTab) (review) | [I'm loyal to this brand and appreciate the good pricing.](https://www.hktvmall.com/hktv/en/main/KINGCON/s/H7249002/Personal-Care-%26-Health/Personal-Care-%26-Health/Contact-Lenses-%26-Eye-Care/Contact-Lenses/Spherical-for-Short-Long-sighted/Daily-Disposable/1Day-ACUVUE-Moist-Contact-Lenses-Authorized/p/H7249002_S_JJACMD30A-85M0050?scrollTo=reviewTab) (review) | [I often buy this model for its speed and style at great prices.](https://www.hktvmall.com/hktv/en/main/KINGCON/s/H7249002/Personal-Care-%26-Health/Personal-Care-%26-Health/Contact-Lenses-%26-Eye-Care/Contact-Lenses/Spherical-for-Short-Long-sighted/Daily-Disposable/1Day-ACUVUE-Moist-Contact-Lenses-Authorized/p/H7249002_S_JJACMD30A-85M0050?scrollTo=reviewTab) (review)
Acuvue,not on promotion,26,"[The special price makes it worth buying.](https://www.hktvmall.com/hktv/en/main/KINGCON/s/H7249002/Personal-Care-%26-Health/Personal-Care-%26-Health/Contact-Lenses-%26-Eye-Care/Contact-Lenses/Spherical-for-Short-Long-sighted/Daily-Disposable/OASYS-1DAY-with-HydraLuxe-Contact-Lenses/p/H7249002_S_JJACOD30-85M0100?scrollTo=reviewTab) (review) | [I will buy more when there’s a discount.](https://www.hktvmall.com/hktv/en/main/Timely-CON/s/B1048002/Personal-Care-%26-Health/Personal-Care-%26-Health/Contact-Lenses-%26-Eye-Care/Contact-Lenses/Spherical-for-Short-Long-sighted/Daily-Disposable/OAS-WITH-HYDRALUXE-BC-90-30P-100/p/B1048002_S_733905819414?scrollTo=reviewTab) (review) | [I bought it during a weekend promotion, so it was cheaper.](https://www.hktvmall.com/hktv/en/main/KINGCON/s/H7249002/Personal-Care-%26-Health/Personal-Care-%26-Health/Contact-Lenses-%26-Eye-Care/Contact-Lenses/Spherical-for-Short-Long-sighted/Daily-Disposable/1Day-ACUVUE-Moist-Contact-Lenses-Authorized/p/H7249002_S_JJACMD30A-85M0050?scrollTo=reviewTab) (review)"
Acuvue,longer wait time,18,"[Shipping was disappointingly slow this time.](https://www.hktvmall.com/hktv/en/main/KINGCON/s/H7249002/Personal-Care-%26-Health/Personal-Care-%26-Health/Contact-Lenses-%26-Eye-Care/Contact-Lenses/Spherical-for-Short-Long-sighted/Daily-Disposable/1Day-ACUVUE-Moist-Contact-Lenses-Authorized/p/H7249002_S_JJACMD30A-85M0050?scrollTo=reviewTab) (review) | [Delivery was delayed and customer service was ineffective.](https://www.hktvmall.com/hktv/en/main/123-OPTICAL/s/H9723001/Personal-Care-%26-Health/Personal-Care-%26-Health/Contact-Lenses-%26-Eye-Care/Contact-Lenses/Spherical-for-Short-Long-sighted/Daily-Disposable/BC-85-Oasys-One-Day-Silicone-Hydrogel-1Day-Contact-Lens-1100-Parallel-Import/p/H9723001_S_A113005_p-1100?scrollTo=reviewTab) (review) | [I was told my order was delivered, but I never received it.](https://www.hktvmall.com/hktv/en/main/Easy-Look/s/H5711001/Personal-Care-%26-Health/Personal-Care-%26-Health/Contact-Lenses-%26-Eye-Care/Contact-Lenses/Spherical-for-Short-Long-sighted/Daily-Disposable/BC-90-Oasys-Silicone-Hydrogel-1Day-Contact-Lens-P-100-Random-Pick-for-OldNew-Packaging/p/H5711001_S_Oasys_reg_1day-90-100S?scrollTo=reviewTab) (review)"
Acuvue,too few variants,10,[I noticed one lens was missing.](https://www.hktvmall.com/hktv/en/main/Timely-CON/s/B1048002/Personal-Care-%26-Health/Personal-Care-%26-Health/Contact-Lenses-%26-Eye-Care/Contact-Lenses/Colour-Contact-Lens/Daily-Disposable/1DAY-DEFINE-NATURAL-SHINE-BC-85-30P-000/p/B1048002_S_733905388682?scrollTo=reviewTab) (review) | [The lenses I received have very short expiration dates.](https://www.hktvmall.com/hktv/en/main/KINGCON/s/H7249002/Personal-Care-%26-Health/Personal-Care-%26-Health/Contact-Lenses-%26-Eye-Care/Contact-Lenses/Colour-Contact-Lens/Daily-Disposable/Define-Fresh-Grayzel-FZ-Color-Lenses/p/H7249002_S_JJACDF30-85M0000-FZ?scrollTo=reviewTab) (review) | [One box has only 8 months until expiration.](https://www.hktvmall.com/hktv/en/main/KINGCON/s/H7249002/Personal-Care-%26-Health/Personal-Care-%26-Health/Contact-Lenses-%26-Eye-Care/Contact-Lenses/Colour-Contact-Lens/Daily-Disposable/Define-Fresh-Grayzel-FZ-Color-Lenses/p/H7249002_S_JJACDF30-85M0000-FZ?scrollTo=reviewTab) (review)
Acuvue,unattractive packaging,7,[The packaging was damaged due to rain.](https://www.hktvmall.com/hktv/en/main/MY-CON/s/S2830001/Personal-Care-%26-Health/Personal-Care-%26-Health/Contact-Lenses-%26-Eye-Care/Contact-Lenses/Spherical-for-Short-Long-sighted/Daily-Disposable/BC-85-One-Day-Acuvue-Moist-Contact-Lens-Random-Pick-for-OldNew-Packaging/p/S2830001_S_85MoistPI30_p-100?scrollTo=reviewTab) (review) | [The box was dented; better packaging is needed.](https://www.hktvmall.com/hktv/en/main/Habitual-Goods/s/B1048001/Personal-Care-%26-Health/Personal-Care-%26-Health/Contact-Lenses-%26-Eye-Care/Contact-Lenses/Spherical-for-Short-Long-sighted/Daily-Disposable/ACUVUE-1DAY-MOIST-BC85-30P100/p/B1048001_S_2733905577123?scrollTo=reviewTab) (review) | [The packaging isn't the same as it used to be.](https://www.hktvmall.com/hktv/en/main/Easy-Look/s/H5711001/Personal-Care-%26-Health/Personal-Care-%26-Health/Contact-Lenses-%26-Eye-Care/Contact-Lenses/Spherical-for-Short-Long-sighted/Daily-Disposable/BC-85-Oasys-Silicone-Hydrogel-1Day-Contact-Lens-P-100-Random-Pick-for-OldNew-Packaging/p/H5711001_S_Oasys_reg_1day-85-100S?scrollTo=reviewTab) (review)
Acuvue,difficult to find,7,"[I want to buy more, but they’re frequently out of stock.](https://www.hktvmall.com/hktv/en/main/Timely-CON/s/B1048002/Personal-Care-%26-Health/Personal-Care-%26-Health/Contact-Lenses-%26-Eye-Care/Contact-Lenses/Spherical-for-Short-Long-sighted/Daily-Disposable/OAS-WITH-HYDRALUXE-BC-85-30P100/p/B1048002_S_733905818769?scrollTo=reviewTab) (review) | [Inserting the lenses can be a bit challenging.](https://www.hktvmall.com/hktv/en/main/123-OPTICAL/s/H9723001/Personal-Care-%26-Health/Personal-Care-%26-Health/Contact-Lenses-%26-Eye-Care/Contact-Lenses/Spherical-for-Short-Long-sighted/Daily-Disposable/BC-85-Moist-Contant-Lens-1Day-Power-100-Parallel-Import/p/H9723001_S_A113001-850100?scrollTo=reviewTab) (review) | [Prescription out of stock affects orders.](https://www.hktvmall.com/hktv/en/main/123-OPTICAL/s/H9723001/Personal-Care-%26-Health/Personal-Care-%26-Health/Contact-Lenses-%26-Eye-Care/Contact-Lenses/Spherical-for-Short-Long-sighted/Daily-Disposable/BC-90-Oasys-One-Day-Silicone-Hydrogel-1Day-Contact-Lens-100-Parallel-Import/p/H9723001_S_A113006_p-100?scrollTo=reviewTab) (review)"
Acuvue,lack of familiarity,5,[This is an authentic product.](https://www.hktvmall.com/hktv/en/main/LENSee/s/B0217001/Personal-Care-%26-Health/Personal-Care-%26-Health/Contact-Lenses-%26-Eye-Care/Contact-Lenses/Spherical-for-Short-Long-sighted/Daily-Disposable/BC-85-Moist-1Day-Contact-Lenses-P-100-Parallel-IMport-Random-Pick-for-OldNew-Packaging/p/B0217001_S_85MoistPI30-0100?scrollTo=reviewTab) (review) | [Unsure about authenticity due to unfamiliar packaging and no website.](https://www.hktvmall.com/hktv/en/main/KINGCON/s/H7249002/Personal-Care-%26-Health/Personal-Care-%26-Health/Contact-Lenses-%26-Eye-Care/Contact-Lenses/Astigmatism-Contact-Lens/Daily-Disposable/One-Day-ACUVUE-Moist-for-Astigmatism-Contact-Lenses/p/H7249002_S_JJACMT30-85M0375-125180?scrollTo=reviewTab) (review) | [I hesitated to use them due to some concerns.](https://www.hktvmall.com/hktv/en/main/MY-CON/s/S2830001/Personal-Care-%26-Health/Personal-Care-%26-Health/Contact-Lenses-%26-Eye-Care/Contact-Lenses/Colour-Contact-Lens/Daily-Disposable/Define-Fresh-in-Fresh-Hazel-ACUVUE-1Day-Contact-Lens-Parallel-Import-Random-Packaging/p/S2830001_S_DefinePI_1day_FH?scrollTo=reviewTab) (review)
Acuvue,not available at ECP,4,[Exchanging lenses is not an option.](https://www.hktvmall.com/hktv/en/main/Easy-Look/s/H5711001/Personal-Care-%26-Health/Personal-Care-%26-Health/Contact-Lenses-%26-Eye-Care/Contact-Lenses/Spherical-for-Short-Long-sighted/Daily-Disposable/BC-90-Acuvue-Moist-1Day-Contact-Lens-P-100-Parallel-Import/p/H5711001_S_MoistPI_reg_1day-90-100S?scrollTo=reviewTab) (review) | [Struggling to find a lens with a large base curve.](https://www.xiaohongshu.com/discovery/item/69a1c2c3000000001600b912?xsec_token=YBtuvjL-SiCFiLkXErAT9dseFsk0jjxNvVQaAei4CxG_Q%3D&xsec_source=app_share) (xhs_post) | [I can't find my Acuvue lenses on Shopee anymore.](https://www.xiaohongshu.com/discovery/item/69caae060000000023023b29?xsec_token=YBWGQKQcjxc4pN9xJRe02KXzkTCAOFFcxaraIGRF7oAuU%3D&xsec_source=app_share) (xhs_post)
Acuvue,not suitable for my age,4,[Prescription out of stock affects orders.](https://www.hktvmall.com/hktv/en/main/123-OPTICAL/s/H9723001/Personal-Care-%26-Health/Personal-Care-%26-Health/Contact-Lenses-%26-Eye-Care/Contact-Lenses/Spherical-for-Short-Long-sighted/Daily-Disposable/BC-90-Oasys-One-Day-Silicone-Hydrogel-1Day-Contact-Lens-100-Parallel-Import/p/H9723001_S_A113006_p-100?scrollTo=reviewTab) (review) | [The lenses are uncomfortable to wear.](https://www.hktvmall.com/hktv/en/main/Easy-Look/s/H5711001/Personal-Care-%26-Health/Personal-Care-%26-Health/Contact-Lenses-%26-Eye-Care/Contact-Lenses/Spherical-for-Short-Long-sighted/Daily-Disposable/BC-85-Acuvue-Moist-1Day-Contact-Lens-P-100-Parallel-Import/p/H5711001_S_MoistPI_reg_1day-85-100S?scrollTo=reviewTab) (review) | [I no longer need these lenses due to a prescription change.](https://www.xiaohongshu.com/discovery/item/67825828000000000900f08f?xsec_token=YBqpCFYcWg9uR1A3jxqASLuVjghT1qkyz-SAxaAGa1fV8%3D&xsec_source=app_share) (xhs_post)
Acuvue,no trial lens,3,"[Issues arose from ordering the incorrect prescription without a trial option.](https://www.hktvmall.com/hktv/en/main/GOPOPSTATION/s/H9865001/Personal-Care-%26-Health/Personal-Care-%26-Health/Contact-Lenses-%26-Eye-Care/Contact-Lenses/Spherical-for-Short-Long-sighted/Daily-Disposable/1DAY-ACUVUE-MOIST-Daily-Disposable-Contact-Lenses-30PCS-BC-85-Parallel-imported/p/H9865001_S_ACUVUE-MOIST-85-100?scrollTo=reviewTab) (review) | [No free samples led to a decision not to repurchase.](https://www.hktvmall.com/hktv/en/main/Easy-Look/s/H5711001/Personal-Care-%26-Health/Personal-Care-%26-Health/Contact-Lenses-%26-Eye-Care/Contact-Lenses/Spherical-for-Short-Long-sighted/Bi-weekly-Disposable/BC-88-Acuvue-Oasys-2Week-Contact-Lens-P-100-Random-Packaging/p/H5711001_S_OasysPI_reg_2week-88-100S?scrollTo=reviewTab) (review) | [Loved the trial lens experience, very comfortable.](https://www.xiaohongshu.com/discovery/item/6788caae000000001c00e426?xsec_token=YB9jxsb_dbGBF8VLk4AZt_poxQiYOb9VOxKZU2-XwL55k%3D&xsec_source=app_share) (xhs_post)"
Acuvue,no ECP recommendation,1,[The quality is excellent.](https://www.hktvmall.com/hktv/en/main/KINGCON/s/H7249002/Personal-Care-%26-Health/Personal-Care-%26-Health/Contact-Lenses-%26-Eye-Care/Contact-Lenses/Astigmatism-Contact-Lens/Daily-Disposable/One-Day-ACUVUE-Moist-for-Astigmatism-Contact-Lenses/p/H7249002_S_JJACMT30-85M0375-125180?scrollTo=reviewTab) (review)
Alcon,previous bad experience,45,[Had a bad experience with defective lenses this time.](https://www.hktvmall.com/hktv/en/main/Easy-Look/s/H5711001/Personal-Care-%26-Health/Personal-Care-%26-Health/Contact-Lenses-%26-Eye-Care/Contact-Lenses/Colour-Contact-Lens/Daily-Disposable/DAILIES-FreshLook-Illuminate-in-Rich-Brown-1Day-Contact-Lens-BC-86-P-000/p/H5711001_S_Illum_RBrown_1day-86-0?scrollTo=reviewTab) (review) | [Received a broken product with poor quality.](https://www.hktvmall.com/hktv/en/main/LENSee/s/B0217001/Personal-Care-%26-Health/Personal-Care-%26-Health/Contact-Lenses-%26-Eye-Care/Contact-Lenses/Colour-Contact-Lens/Daily-Disposable/DAILIES-Freshlook-ILLUMINATE-1Day-Color-Contact-Lenses-Jet-Black-P-000/p/B0217001_S_FLI30JBk-0000?scrollTo=reviewTab) (review) | [Several lenses caused discomfort; won't shop here again.](https://www.hktvmall.com/hktv/en/main/Vcons/s/B1665001/Personal-Care-%26-Health/Personal-Care-%26-Health/Contact-Lenses-%26-Eye-Care/Contact-Lenses/Spherical-for-Short-Long-sighted/Daily-Disposable/Precision-contact-lens-1Day-30P-BC-83-050/p/B1665001_S_Alcon-PRECISION-50?scrollTo=reviewTab) (review)
Alcon,bad reviews,15,"[Received an expired product, felt cheated by the merchant.](https://www.hktvmall.com/hktv/en/main/KINGCON/s/H7249002/Personal-Care-%26-Health/Personal-Care-%26-Health/Contact-Lenses-%26-Eye-Care/Contact-Lenses/Spherical-for-Short-Long-sighted/Monthly-Disposable/Air-Optix-HydraGlyde-Contact-Lenses/p/H7249002_S_ALAOHG06-86M0100?scrollTo=reviewTab) (review) | [Claimed good expiration date but received incorrect items, felt cheated.](https://www.hktvmall.com/hktv/en/main/KINGCON/s/H7249002/Personal-Care-%26-Health/Personal-Care-%26-Health/Contact-Lenses-%26-Eye-Care/Contact-Lenses/Spherical-for-Short-Long-sighted/Monthly-Disposable/Air-Optix-HydraGlyde-Contact-Lenses/p/H7249002_S_ALAOHG06-86M0100?scrollTo=reviewTab) (review) | [The product quality raised concerns due to unclear expiration dates.](https://www.hktvmall.com/hktv/en/main/123-OPTICAL/s/H9723001/Personal-Care-%26-Health/Personal-Care-%26-Health/Contact-Lenses-%26-Eye-Care/Contact-Lenses/Spherical-for-Short-Long-sighted/Daily-Disposable/DAILIES-TOTAL-1-Silicone-Hydrogel-1Day-Contact-Lens-Parallel-Import/p/H9723001_S_F113003_p-100?scrollTo=reviewTab) (review)"
Alcon,too expensive,14,"[Price is reasonable with good service.](https://www.hktvmall.com/hktv/en/main/Contact-Lens-247/s/H9835001/Personal-Care-%26-Health/Personal-Care-%26-Health/Contact-Lenses-%26-Eye-Care/Contact-Lenses/Spherical-for-Short-Long-sighted/Daily-Disposable/DAILIES-TOTAL-1-Daily-Disposal-Contact-Lenses-Parallel-Import-TOTAL1-TOTAL-one/p/H9835001_S_Total1-100?scrollTo=reviewTab) (review) | [This lens is pricier than colored ones, and the packaging is dirty.](https://www.hktvmall.com/hktv/en/main/UNICON/s/B1099001/Personal-Care-%26-Health/Personal-Care-%26-Health/Contact-Lenses-%26-Eye-Care/Contact-Lenses/Spherical-for-Short-Long-sighted/Daily-Disposable/10P-Trial-set-Total-1-Daily-Contact-Lenses-Parallel-import/p/B1099001_S_NB-10P-Total1-Pi-100?scrollTo=reviewTab) (review) | [I’m unsure if they're genuine since they're pricier than similar products.](https://www.hktvmall.com/hktv/en/main/Easy-Look/s/H5711001/Personal-Care-%26-Health/Personal-Care-%26-Health/Contact-Lenses-%26-Eye-Care/Contact-Lenses/Spherical-for-Short-Long-sighted/Daily-Disposable/DAILIES-TOTAL-1-Silicone-Hydrogel-1Day-Contact-Lens-BC-85-P-100/p/H5711001_S_Total1_reg_1day-85-100S?scrollTo=reviewTab) (review)"
Alcon,used to current brand,12,[I'm already accustomed to my current lenses.](https://www.hktvmall.com/hktv/en/main/Vintage-Eyewear-4-You/s/S1115001/Personal-Care-%26-Health/Personal-Care-%26-Health/Contact-Lenses-%26-Eye-Care/Contact-Lenses/Multifocal-Contact-Lenses/Daily-Disposable/DAILIES-TOTAL-MULTIFOCAL-30pcsboxDealer-Products-PWR-1000-LO/p/S1115001_S_DAILIESTOTAL1MULTIFOCAL_L_1000?scrollTo=reviewTab) (review) | [I'm accustomed to my current brand.](https://www.hktvmall.com/hktv/en/main/POKECON/s/H8617001/Personal-Care-%26-Health/Personal-Care-%26-Health/Contact-Lenses-%26-Eye-Care/Contact-Lenses/Spherical-for-Short-Long-sighted/Daily-Disposable/Precision-1-Daily-Disposal-Contact-Lenses/p/H8617001_S_Precision1-100?scrollTo=reviewTab) (review) | [I’ve always bought this brand.](https://www.hktvmall.com/hktv/en/main/KINGCON/s/H7249002/Personal-Care-%26-Health/Personal-Care-%26-Health/Contact-Lenses-%26-Eye-Care/Contact-Lenses/Multifocal-Contact-Lenses/Monthly-Disposable/Air-Optix-HydraGlyde-Multifocal-6-Pack-Contact-Lenses/p/H7249002_S_ALAOHF06-86M0100-LO?scrollTo=reviewTab) (review)
Alcon,not on promotion,7,[Better discounts online with fast shipping.](https://www.hktvmall.com/hktv/en/main/POKECON/s/H8617001/Personal-Care-%26-Health/Personal-Care-%26-Health/Contact-Lenses-%26-Eye-Care/Contact-Lenses/Spherical-for-Short-Long-sighted/Daily-Disposable/Precision-1-Daily-Disposal-Contact-Lenses/p/H8617001_S_Precision1-100?scrollTo=reviewTab) (review) | [Great discounts and quick deliveries!](https://www.hktvmall.com/hktv/en/main/POKECON/s/H8617001/Personal-Care-%26-Health/Personal-Care-%26-Health/Contact-Lenses-%26-Eye-Care/Contact-Lenses/Spherical-for-Short-Long-sighted/Daily-Disposable/Precision-1-Daily-Disposal-Contact-Lenses/p/H8617001_S_Precision1-100?scrollTo=reviewTab) (review) | [I was pleased with the discount.](https://www.hktvmall.com/hktv/en/main/KINGCON/s/H7249002/Personal-Care-%26-Health/Personal-Care-%26-Health/Contact-Lenses-%26-Eye-Care/Contact-Lenses/Multifocal-Contact-Lenses/Monthly-Disposable/Air-Optix-HydraGlyde-Multifocal-6-Pack-Contact-Lenses/p/H7249002_S_ALAOHF06-86M0100-LO?scrollTo=reviewTab) (review)
Alcon,lack of familiarity,6,[I’m unsure if they're genuine since they're pricier than similar products.](https://www.hktvmall.com/hktv/en/main/Easy-Look/s/H5711001/Personal-Care-%26-Health/Personal-Care-%26-Health/Contact-Lenses-%26-Eye-Care/Contact-Lenses/Spherical-for-Short-Long-sighted/Daily-Disposable/DAILIES-TOTAL-1-Silicone-Hydrogel-1Day-Contact-Lens-BC-85-P-100/p/H5711001_S_Total1_reg_1day-85-100S?scrollTo=reviewTab) (review) | [I suspect old stock issues and worry about quality differences.](https://www.hktvmall.com/hktv/en/main/LENSee/s/B0217001/Personal-Care-%26-Health/Personal-Care-%26-Health/Contact-Lenses-%26-Eye-Care/Contact-Lenses/Spherical-for-Short-Long-sighted/Daily-Disposable/DAILIES-TOTAL-1-Contact-Lenses-P-100/p/B0217001_S_TotalOne30-0100?scrollTo=reviewTab) (review) | [I'm unsure about its origin and whether it's from the gray market.](https://www.hktvmall.com/hktv/en/main/Easy-Look/s/H5711001/Personal-Care-%26-Health/Personal-Care-%26-Health/Contact-Lenses-%26-Eye-Care/Contact-Lenses/Spherical-for-Short-Long-sighted/Daily-Disposable/DAILIES-AquaComfort-PLUS-1Day-Contact-Lens-87-P-100/p/H5711001_S_DACP_reg_1day-87-100S?scrollTo=reviewTab) (review)
Alcon,not suitable for my age,4,"[Several lenses caused discomfort; won't shop here again.](https://www.hktvmall.com/hktv/en/main/Vcons/s/B1665001/Personal-Care-%26-Health/Personal-Care-%26-Health/Contact-Lenses-%26-Eye-Care/Contact-Lenses/Spherical-for-Short-Long-sighted/Daily-Disposable/Precision-contact-lens-1Day-30P-BC-83-050/p/B1665001_S_Alcon-PRECISION-50?scrollTo=reviewTab) (review) | [Quality is average, too soft and fragile.](https://www.hktvmall.com/hktv/en/main/UNICON/s/B1099001/Personal-Care-%26-Health/Personal-Care-%26-Health/Contact-Lenses-%26-Eye-Care/Contact-Lenses/Multifocal-Contact-Lenses/Daily-Disposable/DAILIES-AquaComfort-Plus-MultiFocal-Daily-Disposal-Contact-Lenses-Parallel-imported-products/p/B1099001_S_DACPMF-Pi-100_LOW?scrollTo=reviewTab) (review) | [Comfortable but feels dry after a few hours, causing redness.](https://www.hktvmall.com/hktv/en/main/Easy-Look/s/H5711001/Personal-Care-%26-Health/Personal-Care-%26-Health/Contact-Lenses-%26-Eye-Care/Contact-Lenses/Spherical-for-Short-Long-sighted/Daily-Disposable/DAILIES-TOTAL-1-Silicone-Hydrogel-1Day-Contact-Lens-BC-85-P-100/p/H5711001_S_Total1_reg_1day-85-100S?scrollTo=reviewTab) (review)"
Alcon,longer wait time,3,[Delivery issues and lack of customer support were frustrating.](https://www.hktvmall.com/hktv/en/main/LENSee/s/B0217001/Personal-Care-%26-Health/Personal-Care-%26-Health/Contact-Lenses-%26-Eye-Care/Contact-Lenses/Spherical-for-Short-Long-sighted/Daily-Disposable/DAILIES-TOTAL-1-Contact-Lenses-P-100/p/B0217001_S_TotalOne30-0100?scrollTo=reviewTab) (review) | [Received a delayed notification for my order pick-up.](https://www.hktvmall.com/hktv/en/main/Easy-Look/s/H5711001/Personal-Care-%26-Health/Personal-Care-%26-Health/Contact-Lenses-%26-Eye-Care/Contact-Lenses/Spherical-for-Short-Long-sighted/Monthly-Disposable/AIR-OPTIX-plus-HydraGlyde-1Month-Contact-Lens-BC-86-P-100/p/H5711001_S_AOH_reg_1mon-86-100S?scrollTo=reviewTab) (review) | [There was a long wait time for the wrong item to be exchanged.](https://www.hktvmall.com/hktv/en/main/Vintage-Eyewear-4-You/s/S1115001/Personal-Care-%26-Health/Personal-Care-%26-Health/Contact-Lenses-%26-Eye-Care/Contact-Lenses/Multifocal-Contact-Lenses/Monthly-Disposable/AIR-OPTIX-AQUA-NIGHT-DAY-3pcsboxDealer-Products-FREE-TRIAL/p/S1115001_S_AIROPTIXAQUANIGHTDAY_86_1000?scrollTo=reviewTab) (review)
Alcon,too few variants,3,[I wish there were more options for prescriptions when ordering.](https://www.hktvmall.com/hktv/en/main/Vintage-Eyewear-4-You/s/S1115001/Personal-Care-%26-Health/Personal-Care-%26-Health/Contact-Lenses-%26-Eye-Care/Contact-Lenses/Astigmatism-Contact-Lens/Daily-Disposable/DAILIES-Toric-with-AquaComfort-Plus-30pcsboxDealer-Products-800-175-x170/p/S1115001_S_DAILIESToricAquaComfortPlus_800_175_170?scrollTo=reviewTab) (review) | [I noticed the daily lenses were missing this time.](https://www.hktvmall.com/hktv/en/main/Vintage-Eyewear-4-You/s/S1115001/Personal-Care-%26-Health/Personal-Care-%26-Health/Contact-Lenses-%26-Eye-Care/Contact-Lenses/Multifocal-Contact-Lenses/Monthly-Disposable/AIR-OPTIX-AQUA-MULTIFOCAL-plus-HydraGlyde-3pcsboxDealer-Products-PWR-000-HI/p/S1115001_S_AIROPTIXAQUAMULTIFOCAL_H_000?scrollTo=reviewTab) (review) | [It's not as moisturizing; other brands feel more comfortable.](https://www.hktvmall.com/hktv/en/main/Vintage-Eyewear-4-You/s/S1115001/Personal-Care-%26-Health/Personal-Care-%26-Health/Contact-Lenses-%26-Eye-Care/Contact-Lenses/Multifocal-Contact-Lenses/Daily-Disposable/DAILIES-AquaComfort-Plus-MULTIFOCAL-30pcsboxDealer-Products-PWR-1000-LO/p/S1115001_S_DAILIESAquaComfortMULTIFOCAL_L_1000?scrollTo=reviewTab) (review)
Alcon,unattractive packaging,2,[The packaging was damaged.](https://www.hktvmall.com/hktv/en/main/Easy-Look/s/H5711001/Personal-Care-%26-Health/Personal-Care-%26-Health/Contact-Lenses-%26-Eye-Care/Contact-Lenses/Spherical-for-Short-Long-sighted/Daily-Disposable/DAILIES-TOTAL-1-Silicone-Hydrogel-1Day-Contact-Lens-BC-85-P-100/p/H5711001_S_Total1_reg_1day-85-100S?scrollTo=reviewTab) (review) | [The opened packaging dissuades returning.](https://www.hktvmall.com/hktv/en/main/Easy-Look/s/H5711001/Personal-Care-%26-Health/Personal-Care-%26-Health/Contact-Lenses-%26-Eye-Care/Contact-Lenses/Spherical-for-Short-Long-sighted/Daily-Disposable/DAILIES-TOTAL-1-Silicone-Hydrogel-1Day-Contact-Lens-BC-85-P-100/p/H5711001_S_Total1_reg_1day-85-100S?scrollTo=reviewTab) (review)
Alcon,difficult to find,2,"[Had a painful experience with a lens breaking in my eye.](https://www.xiaohongshu.com/discovery/item/6649e2e1000000000f00cf03?xsec_token=YBdIrrlUlNhhCrCe6cRtmglxwKeT2R2R_5-5KmsK_eGqE%3D&xsec_source=app_share) (xhs_post) | [Alcon's lenses are reliable, but finding them can be tough.](https://www.xiaohongshu.com/discovery/item/67f626db000000000b02d2d1?xsec_token=YBI_V6N95_CcAFOTW3uAScAd3hxbWIHsoAsWB4q96cw9U%3D&xsec_source=app_share) (xhs_post)"
Alcon,no trial lens,1,[There's no trial option available.](https://www.hktvmall.com/hktv/en/main/Easy-Look/s/H5711001/Personal-Care-%26-Health/Personal-Care-%26-Health/Contact-Lenses-%26-Eye-Care/Contact-Lenses/Spherical-for-Short-Long-sighted/Daily-Disposable/DAILIES-AquaComfort-PLUS-1Day-Contact-Lens-87-P-100/p/H5711001_S_DACP_reg_1day-87-100S?scrollTo=reviewTab) (review)
Bausch & Lomb,too expensive,80,[It has a nice color but is perceived as pricey.](https://www.hktvmall.com/hktv/en/main/Vcons/s/B1665001/Personal-Care-%26-Health/Personal-Care-%26-Health/Contact-Lenses-%26-Eye-Care/Contact-Lenses/Astigmatism-Contact-Lens/Monthly-Disposable/Bausch-Lomb-UltraAstigmatic-contact-lenses-monthly-pack-of-6-pieces-BC-86-175/p/B1665001_S_Bausch-Lomb-Ultra-sg-p175-c125-a180?scrollTo=reviewTab) (review) | [The product is effective but considered somewhat pricey.](https://www.hktvmall.com/hktv/en/main/POKECON/s/H8617001/Personal-Care-%26-Health/Personal-Care-%26-Health/Contact-Lenses-%26-Eye-Care/Contact-Lenses/Colour-Contact-Lens/Daily-Disposable/Lacelle-1-day-Modest-Black-Daily-Disposal-Colour-Contact-Lenses/p/H8617001_S_Lacelle-BH_PL?scrollTo=reviewTab) (review) | [I won't repurchase due to the price increase.](https://www.hktvmall.com/hktv/en/main/KINGCON/s/H7249002/Personal-Care-%26-Health/Personal-Care-%26-Health/Contact-Lenses-%26-Eye-Care/Contact-Lenses/Spherical-for-Short-Long-sighted/Daily-Disposable/Biotrue-ONEday-Contact-Lenses-Packaging-may-vary-new-or-old/p/H7249002_S_BLBTBD30-86M0075?scrollTo=reviewTab) (review)
Bausch & Lomb,previous bad experience,46,[I've encountered issues with lens quality.](https://www.hktvmall.com/hktv/en/main/POKECON/s/H8617001/Personal-Care-%26-Health/Personal-Care-%26-Health/Contact-Lenses-%26-Eye-Care/Contact-Lenses/Spherical-for-Short-Long-sighted/Daily-Disposable/SofLens-Daily-Disposable-Contact-Lenses-Parallel-imported-products/p/H8617001_S_SDD-Pi-100?scrollTo=reviewTab) (review) | [There seem to be quality issues with my purchase.](https://www.hktvmall.com/hktv/en/main/Vcons/s/B1665001/Personal-Care-%26-Health/Personal-Care-%26-Health/Contact-Lenses-%26-Eye-Care/Contact-Lenses/Spherical-for-Short-Long-sighted/Daily-Disposable/Ultra-One-Day-Daily-disposable-contact-lenses-30-pieces275/p/B1665001_S_BAUSCH-LOMB-ULTRA-275?scrollTo=reviewTab) (review) | [The product felt uncomfortable and not right for my eyes.](https://www.hktvmall.com/hktv/en/main/Contact-Lens-247/s/H9835001/Personal-Care-%26-Health/Personal-Care-%26-Health/Contact-Lenses-%26-Eye-Care/Contact-Lenses/Colour-Contact-Lens/Daily-Disposable/Tender-Brown-Lacelle-1-day-Daily-Disposal-Colour-Contact-Lenses/p/H9835001_S_Lacelle_1Day-BN_000?scrollTo=reviewTab) (review)
Bausch & Lomb,used to current brand,39,[I've repeatedly bought this brand.](https://www.hktvmall.com/hktv/en/main/Easy-Look/s/H5711001/Personal-Care-%26-Health/Personal-Care-%26-Health/Contact-Lenses-%26-Eye-Care/Contact-Lenses/Spherical-for-Short-Long-sighted/Monthly-Disposable/SofLens-38-1Month-Contact-Lens-BC-87-P-100/p/H5711001_S_SDD38_reg_1mon-87-100S?scrollTo=reviewTab) (review) | [I keep buying this brand.](https://www.hktvmall.com/hktv/en/main/Contact-Lens-247/s/H9835001/Personal-Care-%26-Health/Personal-Care-%26-Health/Contact-Lenses-%26-Eye-Care/Contact-Lenses/Colour-Contact-Lens/Daily-Disposable/Frozen-Grey-Lacelle-1-day-Colors-Daily-Disposal-Colour-Contact-Lenses/p/H9835001_S_Lacelle_Colors-CGY_000?scrollTo=reviewTab) (review) | [I'm loyal to my current brand.](https://www.hktvmall.com/hktv/en/main/My-Optical-Contact-lens/s/H1053001/Personal-Care-%26-Health/Personal-Care-%26-Health/Contact-Lenses-%26-Eye-Care/Contact-Lenses/Spherical-for-Short-Long-sighted/Daily-Disposable/BC-86-Soflens-1Day-Contact-Lens-P100-Parallel-Import/p/H1053001_S_Soflens-100?scrollTo=reviewTab) (review)
Bausch & Lomb,bad reviews,24,[The quality is disappointing.](https://www.hktvmall.com/hktv/en/main/KINGCON/s/H7249002/Personal-Care-%26-Health/Personal-Care-%26-Health/Contact-Lenses-%26-Eye-Care/Contact-Lenses/Spherical-for-Short-Long-sighted/Daily-Disposable/Biotrue-ONEday-Contact-Lenses-Packaging-may-vary-new-or-old/p/H7249002_S_BLBTBD30-86M0075?scrollTo=reviewTab) (review) | [Good quality but not recommended due to issues.](https://www.hktvmall.com/hktv/en/main/Contact-Lens-247/s/H9835001/Personal-Care-%26-Health/Personal-Care-%26-Health/Contact-Lenses-%26-Eye-Care/Contact-Lenses/Multifocal-Contact-Lenses/Daily-Disposable/LOW-Biotrue-1Day-for-Presbyopia-Daily-Disposal-Contact-Lenses-Authorized-products/p/H9835001_S_Biotrue-MF-LOW-100?scrollTo=reviewTab) (review) | [Found damaged lenses indicating possible quality problems.](https://www.hktvmall.com/hktv/en/main/JW-Store/s/H7385002/Personal-Care-%26-Health/Personal-Care-%26-Health/Contact-Lenses-%26-Eye-Care/Contact-Lenses/Spherical-for-Short-Long-sighted/Daily-Disposable/SofLens-Daily-Disposable-1Day-Contact-Lens-BC-86-P-100-Hong-Kong-licensed-product/p/H7385002_S_JWL01101?scrollTo=reviewTab) (review)
Bausch & Lomb,not on promotion,18,"[Prices have risen, and discounts are fewer.](https://www.hktvmall.com/hktv/en/main/KINGCON/s/H7249002/Personal-Care-%26-Health/Personal-Care-%26-Health/Contact-Lenses-%26-Eye-Care/Contact-Lenses/Spherical-for-Short-Long-sighted/Daily-Disposable/Biotrue-ONEday-90-Pack-Contact-Lenses-Packaging-may-vary-new-or-old/p/H7249002_S_BLBTBD90-86M0900?scrollTo=reviewTab) (review) | [Promotional gifts for two boxes could improve.](https://www.hktvmall.com/hktv/en/main/Contact-Lens-247/s/H9835001/Personal-Care-%26-Health/Personal-Care-%26-Health/Contact-Lenses-%26-Eye-Care/Contact-Lenses/Colour-Contact-Lens/Daily-Disposable/Frozen-Grey-Lacelle-1-day-Colors-Daily-Disposal-Colour-Contact-Lenses/p/H9835001_S_Lacelle_Colors-CGY_000?scrollTo=reviewTab) (review) | [Might consider only if there's a discount.](https://www.hktvmall.com/hktv/en/main/My-Optical-Contact-lens/s/H1053001/Personal-Care-%26-Health/Personal-Care-%26-Health/Contact-Lenses-%26-Eye-Care/Contact-Lenses/Spherical-for-Short-Long-sighted/Daily-Disposable/BC-86-Soflens-1Day-Contact-Lens-P100-Parallel-Import/p/H1053001_S_Soflens-100?scrollTo=reviewTab) (review)"
Bausch & Lomb,unattractive packaging,12,[The packaging lacks clarity.](https://www.hktvmall.com/hktv/en/main/KINGCON/s/H7249002/Personal-Care-%26-Health/Personal-Care-%26-Health/Contact-Lenses-%26-Eye-Care/Contact-Lenses/Spherical-for-Short-Long-sighted/Daily-Disposable/Biotrue-ONEday-Contact-Lenses-Packaging-may-vary-new-or-old/p/H7249002_S_BLBTBD30-86M0075?scrollTo=reviewTab) (review) | [The boxes were damaged.](https://www.hktvmall.com/hktv/en/main/My-Optical-Contact-lens/s/H1053001/Personal-Care-%26-Health/Personal-Care-%26-Health/Contact-Lenses-%26-Eye-Care/Contact-Lenses/Spherical-for-Short-Long-sighted/Daily-Disposable/BC-86-Soflens-1Day-Contact-Lens-P100-Parallel-Import/p/H1053001_S_Soflens-100?scrollTo=reviewTab) (review) | [The damaged packaging didn't affect my decision to buy.](https://www.hktvmall.com/hktv/en/main/My-Optical-Contact-lens/s/H1053001/Personal-Care-%26-Health/Personal-Care-%26-Health/Contact-Lenses-%26-Eye-Care/Contact-Lenses/Spherical-for-Short-Long-sighted/Daily-Disposable/BC-86-Soflens-1Day-Contact-Lens-P100-Parallel-Import/p/H1053001_S_Soflens-100?scrollTo=reviewTab) (review)
Bausch & Lomb,longer wait time,9,"[Quality is satisfactory, but the delivery service causes significant anxiety.](https://www.hktvmall.com/hktv/en/main/Easy-Look/s/H5711001/Personal-Care-%26-Health/Personal-Care-%26-Health/Contact-Lenses-%26-Eye-Care/Contact-Lenses/Spherical-for-Short-Long-sighted/Daily-Disposable/SofLens-Daily-Disposable-1Day-Contact-Lens-BC-86-P-100-Parallel-Import/p/H5711001_S_SDDPI_reg_1day-86-100S?scrollTo=reviewTab) (review) | [My order was delivered to the wrong place and customer service was unhelpful.](https://www.hktvmall.com/hktv/en/main/My-Optical-Contact-lens/s/H1053001/Personal-Care-%26-Health/Personal-Care-%26-Health/Contact-Lenses-%26-Eye-Care/Contact-Lenses/Spherical-for-Short-Long-sighted/Daily-Disposable/BC-86-Soflens-1Day-Contact-Lens-P100-Parallel-Import/p/H1053001_S_Soflens-100?scrollTo=reviewTab) (review) | [The favorite lens is often out of stock.](https://www.hktvmall.com/hktv/en/main/My-Optical-Contact-lens/s/H1053001/Personal-Care-%26-Health/Personal-Care-%26-Health/Contact-Lenses-%26-Eye-Care/Contact-Lenses/Spherical-for-Short-Long-sighted/Daily-Disposable/BC-86-Soflens-1Day-Contact-Lens-P100-Parallel-Import/p/H1053001_S_Soflens-100?scrollTo=reviewTab) (review)"
Bausch & Lomb,too few variants,5,[I want more options available.](https://www.hktvmall.com/hktv/en/main/Vcons/s/B1665001/Personal-Care-%26-Health/Personal-Care-%26-Health/Contact-Lenses-%26-Eye-Care/Contact-Lenses/Astigmatism-Contact-Lens/Monthly-Disposable/Bausch-Lomb-UltraAstigmatic-contact-lenses-monthly-pack-of-6-pieces-BC-86-175/p/B1665001_S_Bausch-Lomb-Ultra-sg-p175-c125-a180?scrollTo=reviewTab) (review) | [More product options would be appreciated.](https://www.hktvmall.com/hktv/en/main/My-Optical-Contact-lens/s/H1053001/Personal-Care-%26-Health/Personal-Care-%26-Health/Contact-Lenses-%26-Eye-Care/Contact-Lenses/Spherical-for-Short-Long-sighted/Daily-Disposable/BC-86-Soflens-1Day-Contact-Lens-P100-Parallel-Import/p/H1053001_S_Soflens-100?scrollTo=reviewTab) (review) | [I only like the lenses in certain colors.](https://www.hktvmall.com/hktv/en/main/Contact-Lens-247/s/H9835001/Personal-Care-%26-Health/Personal-Care-%26-Health/Contact-Lenses-%26-Eye-Care/Contact-Lenses/Colour-Contact-Lens/Daily-Disposable/Stylish-Brown-Lacelle-1-day-Daily-Disposal-Colour-Contact-Lenses/p/H9835001_S_Lacelle_1Day-LBN_000?scrollTo=reviewTab) (review)
Bausch & Lomb,difficult to find,3,[I faced long delays and had trouble contacting for an exchange.](https://www.hktvmall.com/hktv/en/main/POKECON/s/H8617001/Personal-Care-%26-Health/Personal-Care-%26-Health/Contact-Lenses-%26-Eye-Care/Contact-Lenses/Spherical-for-Short-Long-sighted/Daily-Disposable/90pcs-pack-SofLens-Daily-Disposable-Contact-Lenses-Parallel-imported-products/p/H8617001_S_90pcs-SDD-100?scrollTo=reviewTab) (review) | [Concerned about product expiration dates during travel.](https://www.hktvmall.com/hktv/en/main/Vintage-Eyewear-4-You/s/S1115001/Personal-Care-%26-Health/Personal-Care-%26-Health/Contact-Lenses-%26-Eye-Care/Contact-Lenses/Multifocal-Contact-Lenses/Monthly-Disposable/SofLens-38-6pcsboxDealer-Products-FREE-TRIAL/p/S1115001_S_SofLens38_100?scrollTo=reviewTab) (review) | [Buying Bausch & Lomb in the US was hard and costly.](https://www.xiaohongshu.com/discovery/item/69589e59000000021e03cb4e?xsec_token=YB-Oc2T2nM5pXOkwVqvl4tuND2HuimYUx61zXNN3fBbqk%3D&xsec_source=app_share) (xhs_post)
Bausch & Lomb,not suitable for my age,3,[The new lenses are not comfortable and too light for me.](https://www.hktvmall.com/hktv/en/main/Contact-Lens-247/s/H9835001/Personal-Care-%26-Health/Personal-Care-%26-Health/Contact-Lenses-%26-Eye-Care/Contact-Lenses/Colour-Contact-Lens/Daily-Disposable/Sparking-Gold-Lacelle-1-day-Colors-Daily-Disposal-Colour-Contact-Lenses/p/H9835001_S_Lacelle_Colors-CBN_900?scrollTo=reviewTab) (review) | [I find them uncomfortable and won't buy again.](https://www.hktvmall.com/hktv/en/main/Easy-Look/s/H5711001/Personal-Care-%26-Health/Personal-Care-%26-Health/Contact-Lenses-%26-Eye-Care/Contact-Lenses/Spherical-for-Short-Long-sighted/Daily-Disposable/SofLens-Daily-Disposable-1Day-Contact-Lens-BC-86-P-100/p/H5711001_S_SDD_reg_1day-86-100S?scrollTo=reviewTab) (review) | [Bulk buying isn't worth it due to rising costs.](https://www.hktvmall.com/hktv/en/main/My-Optical-Contact-lens/s/H1053001/Personal-Care-%26-Health/Personal-Care-%26-Health/Contact-Lenses-%26-Eye-Care/Contact-Lenses/Spherical-for-Short-Long-sighted/Daily-Disposable/BC-86-Soflens-1Day-Contact-Lens-P100-Parallel-Import/p/H1053001_S_Soflens-100?scrollTo=reviewTab) (review)
Bausch & Lomb,lack of familiarity,2,[Staff lack knowledge about the products.](https://www.hktvmall.com/hktv/en/main/JW-Store/s/H7385002/Personal-Care-%26-Health/Personal-Care-%26-Health/Contact-Lenses-%26-Eye-Care/Contact-Lenses/Spherical-for-Short-Long-sighted/Daily-Disposable/SofLens-Daily-Disposable-1Day-Contact-Lens-BC-86-P-100-Hong-Kong-licensed-product/p/H7385002_S_JWL01101?scrollTo=reviewTab) (review) | [I didn't get a separate box for my package; it's confusing.](https://www.hktvmall.com/hktv/en/main/Contact-Lens-247/s/H9835001/Personal-Care-%26-Health/Personal-Care-%26-Health/Contact-Lenses-%26-Eye-Care/Contact-Lenses/Spherical-for-Short-Long-sighted/Daily-Disposable/90pcs-Value-pack-SofLens-Daily-Disposable-Contact-Lenses-Parallel-imported-products/p/H9835001_S_SDD-90pcs-100?scrollTo=reviewTab) (review)
CooperVision,too expensive,18,[Received the wrong lenses which were uncomfortable and overall too pricey.](https://www.hktvmall.com/hktv/en/main/123-OPTICAL/s/H9723001/Personal-Care-%26-Health/Personal-Care-%26-Health/Contact-Lenses-%26-Eye-Care/Contact-Lenses/Spherical-for-Short-Long-sighted/Daily-Disposable/BC-86-Clariti-1-day-Silicone-Hydrogel-Contact-Lens-100/p/H9723001_S_C113002_p-100?scrollTo=reviewTab) (review) | [It's affordable with decent quality.](https://www.hktvmall.com/hktv/en/main/123-OPTICAL/s/H9723001/Personal-Care-%26-Health/Personal-Care-%26-Health/Contact-Lenses-%26-Eye-Care/Contact-Lenses/Spherical-for-Short-Long-sighted/Daily-Disposable/BC-86-Biomedics-1-day-Extra-Contact-Lens-100/p/H9723001_S_C113001_p-100?scrollTo=reviewTab) (review) | [I would like deeper discounts for bulk orders.](https://www.hktvmall.com/hktv/en/main/123-OPTICAL/s/H9723001/Personal-Care-%26-Health/Personal-Care-%26-Health/Contact-Lenses-%26-Eye-Care/Contact-Lenses/Spherical-for-Short-Long-sighted/Daily-Disposable/BC-86-Biomedics-1-day-Extra-Contact-Lens-100/p/H9723001_S_C113001_p-100?scrollTo=reviewTab) (review)
CooperVision,previous bad experience,15,"[Received the wrong lenses which were uncomfortable and overall too pricey.](https://www.hktvmall.com/hktv/en/main/123-OPTICAL/s/H9723001/Personal-Care-%26-Health/Personal-Care-%26-Health/Contact-Lenses-%26-Eye-Care/Contact-Lenses/Spherical-for-Short-Long-sighted/Daily-Disposable/BC-86-Clariti-1-day-Silicone-Hydrogel-Contact-Lens-100/p/H9723001_S_C113002_p-100?scrollTo=reviewTab) (review) | [I received the wrong lenses, very disappointing!](https://www.hktvmall.com/hktv/en/main/123-OPTICAL/s/H9723001/Personal-Care-%26-Health/Personal-Care-%26-Health/Contact-Lenses-%26-Eye-Care/Contact-Lenses/Spherical-for-Short-Long-sighted/Daily-Disposable/BC-86-Biomedics-1-day-Extra-Contact-Lens-100/p/H9723001_S_C113001_p-100?scrollTo=reviewTab) (review) | [I received a damaged box, possibly due to a lower price.](https://www.hktvmall.com/hktv/en/main/Easy-Look/s/H5711001/Personal-Care-%26-Health/Personal-Care-%26-Health/Contact-Lenses-%26-Eye-Care/Contact-Lenses/Spherical-for-Short-Long-sighted/Daily-Disposable/High-Clariti-1-day-Multifocal-Silicone-Hydrogel-Contact-Lens-BC-86-P-000/p/H5711001_S_Clariti_mfHi_1day-86-0?scrollTo=reviewTab) (review)"
CooperVision,used to current brand,14,[Sticking with my current brand.](https://www.hktvmall.com/hktv/en/main/123-OPTICAL/s/H9723001/Personal-Care-%26-Health/Personal-Care-%26-Health/Contact-Lenses-%26-Eye-Care/Contact-Lenses/Spherical-for-Short-Long-sighted/Daily-Disposable/BC-86-Biomedics-1-day-Extra-Contact-Lens-100/p/H9723001_S_C113001_p-100?scrollTo=reviewTab) (review) | [I prefer to stick with my familiar shop.](https://www.hktvmall.com/hktv/en/main/123-OPTICAL/s/H9723001/Personal-Care-%26-Health/Personal-Care-%26-Health/Contact-Lenses-%26-Eye-Care/Contact-Lenses/Spherical-for-Short-Long-sighted/Daily-Disposable/BC-86-Biomedics-1-day-Extra-Contact-Lens-100/p/H9723001_S_C113001_p-100?scrollTo=reviewTab) (review) | [I've been using this brand for long wear.](https://www.hktvmall.com/hktv/en/main/Easy-Look/s/H5711001/Personal-Care-%26-Health/Personal-Care-%26-Health/Contact-Lenses-%26-Eye-Care/Contact-Lenses/Spherical-for-Short-Long-sighted/Daily-Disposable/Clariti-1-day-Silicone-Hydrogel-Contact-Lens-BC-86-P-100/p/H5711001_S_Clariti_reg_1day-86-100S?scrollTo=reviewTab) (review)
CooperVision,bad reviews,7,[The packaging is unsafe; I almost cut myself opening it.](https://www.hktvmall.com/hktv/en/main/Easy-Look/s/H5711001/Personal-Care-%26-Health/Personal-Care-%26-Health/Contact-Lenses-%26-Eye-Care/Contact-Lenses/Spherical-for-Short-Long-sighted/Daily-Disposable/Proclear-1-day-Contact-Lens-BC-87-P-100/p/H5711001_S_Proclear_reg_1day-87-100S?scrollTo=reviewTab) (review) | [Sometimes the lenses arrive damaged.](https://www.hktvmall.com/hktv/en/main/Easy-Look/s/H5711001/Personal-Care-%26-Health/Personal-Care-%26-Health/Contact-Lenses-%26-Eye-Care/Contact-Lenses/Spherical-for-Short-Long-sighted/Daily-Disposable/Biomedics-1-day-Extra-Contact-Lens-BC-86-P-100/p/H5711001_S_Biomedics_ex_1day-86-100S?scrollTo=reviewTab) (review) | [Received a lens with quality problems during my first purchase.](https://www.hktvmall.com/hktv/en/main/KINGCON/s/H7249002/Personal-Care-%26-Health/Personal-Care-%26-Health/Contact-Lenses-%26-Eye-Care/Contact-Lenses/Spherical-for-Short-Long-sighted/Daily-Disposable/Clariti-1-day-Contact-Lenses/p/H7249002_S_CVCTCD30-86M0075?scrollTo=reviewTab) (review)
CooperVision,not suitable for my age,4,[They aren't comfortable for me.](https://www.hktvmall.com/hktv/en/main/Easy-Look/s/H5711001/Personal-Care-%26-Health/Personal-Care-%26-Health/Contact-Lenses-%26-Eye-Care/Contact-Lenses/Spherical-for-Short-Long-sighted/Daily-Disposable/Biomedics-1-day-Extra-Contact-Lens-BC-86-P-100/p/H5711001_S_Biomedics_ex_1day-86-100S?scrollTo=reviewTab) (review) | [Picky about contact lenses due to mild dry eye syndrome.](https://www.xiaohongshu.com/discovery/item/65dc887a0000000007007d92?xsec_token=YBC29PuIg5q94St4FmKTnYorUwePMLYaPYn4rIhLUHtX8%3D&xsec_source=app_share) (xhs_post) | [My eyes aren't compatible with contact lenses.](https://www.xiaohongshu.com/discovery/item/69fdeadc000000001002d000?xsec_token=YBSV3OJhpa7Xh6KrFRFA22px33XNbkIdA9yPF9j_xsfh0%3D&xsec_source=app_share) (xhs_post)
CooperVision,unattractive packaging,3,"[The packaging is creased and needs improvement.](https://www.hktvmall.com/hktv/en/main/Easy-Look/s/H5711001/Personal-Care-%26-Health/Personal-Care-%26-Health/Contact-Lenses-%26-Eye-Care/Contact-Lenses/Spherical-for-Short-Long-sighted/Daily-Disposable/Biomedics-1-day-Extra-Contact-Lens-BC-86-P-100/p/H5711001_S_Biomedics_ex_1day-86-100S?scrollTo=reviewTab) (review) | [The box feels old, but it's usable.](https://www.hktvmall.com/hktv/en/main/Easy-Look/s/H5711001/Personal-Care-%26-Health/Personal-Care-%26-Health/Contact-Lenses-%26-Eye-Care/Contact-Lenses/Spherical-for-Short-Long-sighted/Daily-Disposable/Biomedics-1-day-Extra-Contact-Lens-BC-86-P-100/p/H5711001_S_Biomedics_ex_1day-86-100S?scrollTo=reviewTab) (review) | [The packaging looks different from what I previously bought.](https://www.xiaohongshu.com/discovery/item/69cfaf33000000002102c93f?xsec_token=YB9xFDBUd8mLiWqdLAfH9rC-9_Q6hhFd1v8r0Lu3LfLo8%3D&xsec_source=app_share) (xhs_post)"
CooperVision,longer wait time,3,[They get dry after eight hours of use.](https://www.hktvmall.com/hktv/en/main/123-OPTICAL/s/H9723001/Personal-Care-%26-Health/Personal-Care-%26-Health/Contact-Lenses-%26-Eye-Care/Contact-Lenses/Spherical-for-Short-Long-sighted/Daily-Disposable/BC-86-Biomedics-1-day-Extra-Contact-Lens-100/p/H9723001_S_C113001_p-100?scrollTo=reviewTab) (review) | [The product took a week to arrive.](https://www.hktvmall.com/hktv/en/main/ShopHK-Contact-Lens-%26-Beauty/s/S6417001/Personal-Care-%26-Health/Personal-Care-%26-Health/Contact-Lenses-%26-Eye-Care/Contact-Lenses/Spherical-for-Short-Long-sighted/Daily-Disposable/Clariti-1-Day-Daily-Disposable-Contact-Lenses-30PCS/p/S6417001_S_shopzzcoopervisionclariti1day?scrollTo=reviewTab) (review) | [Looking for reliable online stores with Biofinity lenses in stock.](https://www.xiaohongshu.com/discovery/item/6a16ad9d0000000013020400?xsec_token=YBjHWXcCiE6iOO-9ghwwzkA0pKUYUY4P_LMk6zh4xzXcw%3D&xsec_source=app_share) (xhs_post)
CooperVision,not on promotion,1,"[I find them suitable and comfortable, but I won't purchase without a discount.](https://www.hktvmall.com/hktv/en/main/UNICON/s/B1099001/Personal-Care-%26-Health/Personal-Care-%26-Health/Contact-Lenses-%26-Eye-Care/Contact-Lenses/Spherical-for-Short-Long-sighted/Daily-Disposable/Clariti-1-day-Daily-Disposal-Contact-Lenses-Parallel-imported-products/p/B1099001_S_Clariti1day-Pi-100?scrollTo=reviewTab) (review)"
CooperVision,not available at ECP,1,[I can't find my prescription available anymore.](https://www.xiaohongshu.com/discovery/item/68fa0d94000000000300efe6?xsec_token=YB6BhbSmA42r9VwkJI5sNJTMGyEj5VXIuGBfg7_T__0aE%3D&xsec_source=app_share) (xhs_post)
Olens,previous bad experience,24,"[I had a bad experience with these monthly lenses damaging my vision.](https://www.hktvmall.com/hktv/en/main/Easytalk-Group/s/H5515001/Personal-Care-%26-Health/Personal-Care-%26-Health/Contact-Lenses-%26-Eye-Care/Contact-Lenses/Colour-Contact-Lens/Monthly-Disposable/VIVIRING-Monthly-Colored-Contact-Lenses-Chocolate-2-pics-Parallel-Goods/p/H5515001_S_VIVIRING-CHO-0?scrollTo=reviewTab) (review) | [The opened lens was broken, similar issues happened before.](https://www.hktvmall.com/hktv/en/main/OLENS-HK-Flagship-Store/s/H6878001/Personal-Care-%26-Health/Personal-Care-%26-Health/Contact-Lenses-%26-Eye-Care/Contact-Lenses/Spherical-for-Short-Long-sighted/Daily-Disposable/Made-in-Korea-O2-EDITION-1-DAY-DISPOSABLE-CONTACT-LENS-40P-BUNDLE-SET-P-100-New-Packaging/p/H6878001_S_OL1DO2ED40P100?scrollTo=reviewTab) (review) | [Received incorrect prescription and realized it too late.](https://www.hktvmall.com/hktv/en/main/OLENS-HK-Flagship-Store/s/H6878001/Personal-Care-%26-Health/Personal-Care-%26-Health/Contact-Lenses-%26-Eye-Care/Contact-Lenses/Spherical-for-Short-Long-sighted/Daily-Disposable/Made-in-Korea-O2-EDITION-1-DAY-DISPOSABLE-CONTACT-LENS-40P-BUNDLE-SET-P-100-New-Packaging/p/H6878001_S_OL1DO2ED40P100?scrollTo=reviewTab) (review)"
Olens,too expensive,9,"[The quality is good, but it's a bit costly.](https://www.sorra.net/product/3037) (review) | [It's good quality but feels overpriced.](https://www.sorra.net/product/43441) (review) | [High cost but causes discomfort after extended wear.](https://www.hktvmall.com/hktv/en/main/OLENS-HK-Flagship-Store/s/H6878001/Personal-Care-%26-Health/Personal-Care-%26-Health/Contact-Lenses-%26-Eye-Care/Contact-Lenses/Spherical-for-Short-Long-sighted/Daily-Disposable/Made-in-Korea-O2-EDITION-1-DAY-DISPOSABLE-CONTACT-LENS-40P-BUNDLE-SET-P-100-New-Packaging/p/H6878001_S_OL1DO2ED40P100?scrollTo=reviewTab) (review)"
Olens,bad reviews,8,"[Negative reviews influenced my decision, and the product was uncomfortable compared to the previous ones.](https://www.hktvmall.com/hktv/en/main/OLENS-HK-Flagship-Store/s/H6878001/Personal-Care-%26-Health/Personal-Care-%26-Health/Contact-Lenses-%26-Eye-Care/Contact-Lenses/Spherical-for-Short-Long-sighted/Daily-Disposable/Made-in-Korea-O2-EDITION-1-DAY-DISPOSABLE-CONTACT-LENS-40P-BUNDLE-SET-P-100-New-Packaging/p/H6878001_S_OL1DO2ED40P100?scrollTo=reviewTab) (review) | [The new packaging caused discomfort and might harm others.](https://www.hktvmall.com/hktv/en/main/OLENS-HK-Flagship-Store/s/H6878001/Personal-Care-%26-Health/Personal-Care-%26-Health/Contact-Lenses-%26-Eye-Care/Contact-Lenses/Spherical-for-Short-Long-sighted/Daily-Disposable/Made-in-Korea-O2-EDITION-1-DAY-DISPOSABLE-CONTACT-LENS-40P-BUNDLE-SET-P-100-New-Packaging/p/H6878001_S_OL1DO2ED40P100?scrollTo=reviewTab) (review) | [Eyes become dry and painful after half a day.](https://www.hktvmall.com/hktv/en/main/OLENS-HK-Flagship-Store/s/H6878001/Personal-Care-%26-Health/Personal-Care-%26-Health/Contact-Lenses-%26-Eye-Care/Contact-Lenses/Spherical-for-Short-Long-sighted/Daily-Disposable/Made-in-Korea-O2-EDITION-1-DAY-DISPOSABLE-CONTACT-LENS-40P-BUNDLE-SET-P-100-New-Packaging/p/H6878001_S_OL1DO2ED40P100?scrollTo=reviewTab) (review)"
Olens,used to current brand,6,[Switching from U.S. brand to Korean ones.](https://www.hktvmall.com/hktv/en/main/OLENS-HK-Flagship-Store/s/H6878001/Personal-Care-%26-Health/Personal-Care-%26-Health/Contact-Lenses-%26-Eye-Care/Contact-Lenses/Spherical-for-Short-Long-sighted/Daily-Disposable/Made-in-Korea-O2-EDITION-1-DAY-DISPOSABLE-CONTACT-LENS-40P-BUNDLE-SET-P-100-New-Packaging/p/H6878001_S_OL1DO2ED40P100?scrollTo=reviewTab) (review) | [I'm accustomed to my usual brand and find their contacts more comfortable.](https://www.hktvmall.com/hktv/en/main/OLENS-HK-Flagship-Store/s/H6878001/Personal-Care-%26-Health/Personal-Care-%26-Health/Contact-Lenses-%26-Eye-Care/Contact-Lenses/Spherical-for-Short-Long-sighted/Daily-Disposable/Made-in-Korea-O2-EDITION-1-DAY-DISPOSABLE-CONTACT-LENS-40P-BUNDLE-SET-P-100-New-Packaging/p/H6878001_S_OL1DO2ED40P100?scrollTo=reviewTab) (review) | [I switched brands but found them uncomfortable and defective.](https://www.hktvmall.com/hktv/en/main/OLENS-HK-Flagship-Store/s/H6878001/Personal-Care-%26-Health/Personal-Care-%26-Health/Contact-Lenses-%26-Eye-Care/Contact-Lenses/Spherical-for-Short-Long-sighted/Daily-Disposable/Made-in-Korea-O2-EDITION-1-DAY-DISPOSABLE-CONTACT-LENS-40P-BUNDLE-SET-P-100-New-Packaging/p/H6878001_S_OL1DO2ED40P100?scrollTo=reviewTab) (review)
Olens,not on promotion,4,"[It's useful but getting pricier; more promotions would be welcome.](https://www.hktvmall.com/hktv/en/main/OLENS-HK-Flagship-Store/s/H6878001/Personal-Care-%26-Health/Personal-Care-%26-Health/Contact-Lenses-%26-Eye-Care/Contact-Lenses/Spherical-for-Short-Long-sighted/Daily-Disposable/Made-in-Korea-O2-EDITION-1-DAY-DISPOSABLE-CONTACT-LENS-40P-BUNDLE-SET-P-100-New-Packaging/p/H6878001_S_OL1DO2ED40P100?scrollTo=reviewTab) (review) | [The packaging influenced my choice to stick with Alcon lenses.](https://www.xiaohongshu.com/discovery/item/69072f45000000000500003d?xsec_token=YBS0WLRSydkULStrYi1SliwTAvkc0rQKD0gVH3NlpZazk%3D&xsec_source=app_share) (xhs_post) | [The promotion is excessive, making it hard to buy just what I need.](https://www.xiaohongshu.com/discovery/item/69fb5842000000003701dd32?xsec_token=YB52L3VdbHz2619TViHtj-I22jqiNSgHRRUZg9h6UUGYw%3D&xsec_source=app_share) (xhs_post)"
Olens,not suitable for my age,4,"[Found lenses unsuitable post-vision correction and experienced stinging.](https://www.xiaohongshu.com/discovery/item/6981f686000000002103ca8b?xsec_token=YBN_JQRf0i_EStPdhsJGJDwRKlhvTGG-ymoDaAUDnXBm4%3D&xsec_source=app_share) (xhs_post) | [Comfortable, but the large diameter isn't suitable for daily wear without makeup.](https://www.xiaohongshu.com/discovery/item/680c409b000000020d01e462?xsec_token=YBNoOUFLQxDMj4pzWwb4Qtwc3JhjnqkBlFHGl8HzA1H2I%3D&xsec_source=app_share) (xhs_post) | [The base curve is slightly large but manageable.](https://www.xiaohongshu.com/discovery/item/69e338e4000000001b021351?xsec_token=YBqWJL6IC_3bWLwV7LhV68DRxZwQBTIM2RvDxXEZOnzpM%3D&xsec_source=app_share) (xhs_post)"
Olens,unattractive packaging,3,[The packaging seems counterfeit and raises concerns.](https://www.hktvmall.com/hktv/en/main/OLENS-HK-Flagship-Store/s/H6878001/Personal-Care-%26-Health/Personal-Care-%26-Health/Contact-Lenses-%26-Eye-Care/Contact-Lenses/Spherical-for-Short-Long-sighted/Daily-Disposable/Made-in-Korea-O2-EDITION-1-DAY-DISPOSABLE-CONTACT-LENS-40P-BUNDLE-SET-P-100-New-Packaging/p/H6878001_S_OL1DO2ED40P100?scrollTo=reviewTab) (review) | [The packaging is difficult to open.](https://www.xiaohongshu.com/discovery/item/682998cd000000001200180f?xsec_token=YBS_SuQSnXnF2UfHzm2YY1N9mJzobETjmfZESLyn3rYbU%3D&xsec_source=app_share) (xhs_post) | [The packaging influenced my choice to stick with Alcon lenses.](https://www.xiaohongshu.com/discovery/item/69072f45000000000500003d?xsec_token=YBS0WLRSydkULStrYi1SliwTAvkc0rQKD0gVH3NlpZazk%3D&xsec_source=app_share) (xhs_post)
Olens,too few variants,3,"[The box was not packaged well.](https://www.hktvmall.com/hktv/en/main/OLENS-HK-Flagship-Store/s/H6878001/Personal-Care-%26-Health/Personal-Care-%26-Health/Contact-Lenses-%26-Eye-Care/Contact-Lenses/Spherical-for-Short-Long-sighted/Daily-Disposable/Made-in-Korea-O2-EDITION-1-DAY-DISPOSABLE-CONTACT-LENS-40P-BUNDLE-SET-P-100-New-Packaging/p/H6878001_S_OL1DO2ED40P100?scrollTo=reviewTab) (review) | [I found the previous brand better, but there are fewer appealing color options.](https://www.xiaohongshu.com/discovery/item/6867d637000000000d01b41f?xsec_token=YBBTHBUzMOLFjdeD8D7NQSQZX4mbUCvp9Kq5NEIaCtSbY%3D&xsec_source=app_share) (xhs_post) | [I need daily options in grey or green that fit well.](https://www.xiaohongshu.com/discovery/item/6a43d402000000001603c754?xsec_token=YB-TLg8-5rrIAqb_OQEQw8AC9ivHS-4t5Bo8yv2eBKLO0%3D&xsec_source=app_share) (xhs_post)"
Olens,longer wait time,3,[Restocking some prescriptions takes too long.](https://www.hktvmall.com/hktv/en/main/OLENS-HK-Flagship-Store/s/H6878001/Personal-Care-%26-Health/Personal-Care-%26-Health/Contact-Lenses-%26-Eye-Care/Contact-Lenses/Spherical-for-Short-Long-sighted/Daily-Disposable/Made-in-Korea-O2-EDITION-1-DAY-DISPOSABLE-CONTACT-LENS-40P-BUNDLE-SET-P-100-New-Packaging/p/H6878001_S_OL1DO2ED40P100?scrollTo=reviewTab) (review) | [Prescription mismatches cause long waiting times.](https://www.hktvmall.com/hktv/en/main/OLENS-HK-Flagship-Store/s/H6878001/Personal-Care-%26-Health/Personal-Care-%26-Health/Contact-Lenses-%26-Eye-Care/Contact-Lenses/Spherical-for-Short-Long-sighted/Daily-Disposable/Made-in-Korea-O2-EDITION-1-DAY-DISPOSABLE-CONTACT-LENS-40P-BUNDLE-SET-P-100-New-Packaging/p/H6878001_S_OL1DO2ED40P100?scrollTo=reviewTab) (review) | [Delivery took about two weeks.](https://www.xiaohongshu.com/discovery/item/65735c9b000000003a00c262?xsec_token=YBtBjVAOika0wat9Kr-1fUA0Vmwos85ivsjVTJAkuGCAs%3D&xsec_source=app_share) (xhs_post)
Olens,not available at ECP,1,[There is no delivery available for these lenses.](https://www.xiaohongshu.com/discovery/item/68ee4db70000000207039f44?xsec_token=YBvuvVtAU1QHUJvphOXwItEVfj47nkACdZ5zWL1FIp6Yg%3D&xsec_source=app_share) (xhs_post)
other,too expensive,15,"[I'm concerned about the cost of these lenses.](https://www.xiaohongshu.com/discovery/item/6391a6f60000000019023114?xsec_token=YBd98f_8t1trDY_pqp74Z-P2P01VyEwT3Jb1gldhryvBs%3D&xsec_source=app_share) (xhs_post) | [I'm looking for monthly lenses that are more affordable.](https://www.xiaohongshu.com/discovery/item/65c218820000000001031514?xsec_token=YBG01v7ASmhefK4c4RMItOTSWqr1jJTODzGdAeHpBdv48%3D&xsec_source=app_share) (xhs_post) | [Found great discounts on contact lenses, much cheaper than local prices.](https://www.xiaohongshu.com/discovery/item/6a2e32760000000008026457?xsec_token=YBnWJL6kWWmgug6m7e9sjP1PB6vUbfBdM6dOmrX5ZeZf0%3D&xsec_source=app_share) (xhs_post)"
other,previous bad experience,12,"[After an hour, Hichang lenses made my eyes feel dry and required drops.](https://www.xiaohongshu.com/discovery/item/68d2166c0000000007028bd2?xsec_token=YB2LMWdVnWTAWIMZUMeaeLh5S9cwTx8pnQA0klhxgEl9c%3D&xsec_source=app_share) (xhs_post) | [The lenses had poor quality, leading to a bad experience.](https://www.xiaohongshu.com/discovery/item/68ec680d000000020500999d?xsec_token=YBWkCMP9pN5VKUMhYBxdTmn30WSCtFLdmPc7efeRZorIc%3D&xsec_source=app_share) (xhs_post) | [Had a negative experience with this brand and found them hard to wear.](https://www.xiaohongshu.com/discovery/item/679b1a020000000028037b9b?xsec_token=YBQPyvyI3g18fRLKtYnlcpAmQehMWrzocmR8Itnval-ac%3D&xsec_source=app_share) (xhs_post)"
other,too few variants,6,[Sea Chance lenses are too soft and break easily.](https://www.xiaohongshu.com/discovery/item/6764dc63000000000800e12c?xsec_token=YBX_yvvT-qapQVLq3heoCd_E9uJDivtI4GzrRpfPxfkMU%3D&xsec_source=app_share) (xhs_post) | [These daily disposables are too dry and hard to remove.](https://www.xiaohongshu.com/discovery/item/67da9d1f000000021d02ccb6?xsec_token=YBJWgY8x_III8gOQzklKCr7VACsmeR7tMP8hA5hdSzs7U%3D&xsec_source=app_share) (xhs_post) | [I felt overwhelmed by the variety of contact lenses available.](https://www.xiaohongshu.com/discovery/item/65b24345000000000c005ab9?xsec_token=YBYCyW-Kjo-lE4EU_fWoWE8IRrmMQzrjHIEtucd0DjLZM%3D&xsec_source=app_share) (xhs_post)
other,difficult to find,5,[I had trouble finding a specific prescription.](https://www.xiaohongshu.com/discovery/item/69696cd60000000009039a33?xsec_token=YBBRDi2ol-zg63NWY4TNPWJjTZZDecDe8PcPrvqOIqFjM%3D&xsec_source=app_share) (xhs_post) | [Struggled to find suitable astigmatic lenses.](https://www.xiaohongshu.com/discovery/item/693a172e000000021902e905?xsec_token=YBNEZj7qqpyHyBht2pVELftMb_dlssPkpgkDYJRV3a32M%3D&xsec_source=app_share) (xhs_post) | [Had trouble removing lenses after forgetting my glasses.](https://www.xiaohongshu.com/discovery/item/6720e5fb000000001901a413?xsec_token=YBqZp0ayC3PXikyLQGQSvDfd0865dvKCf8fh8ZHWfy2mw%3D&xsec_source=app_share) (xhs_post)
other,not suitable for my age,5,[I'm not sure if these lenses are suitable for me.](https://www.xiaohongshu.com/discovery/item/663e277e000000001e03762d?xsec_token=YBrmQAlA0sg2CTNBfTZDMUVkhnYP7sjxLeXXa9TcBnZxU%3D&xsec_source=app_share) (xhs_post) | [I'm not finding suitable disposables after my pregnancy.](https://www.xiaohongshu.com/discovery/item/66e7b9e60000000027002183?xsec_token=YBXeKbTZPPlHHKAY8kQiz1g-Rlz75QYhpcZ0fnp956bRc%3D&xsec_source=app_share) (xhs_post) | [My severe astigmatism makes finding suitable lenses very challenging.](https://www.xiaohongshu.com/discovery/item/671cae76000000021b024771?xsec_token=YBTLQQeUuEUTU7xleGod5TMijsVfwIlhvwx-ZftUiLLgQ%3D&xsec_source=app_share) (xhs_post)
other,used to current brand,5,"[After years with Dailies Total 1, Oasys Max offers clearer screen visibility.](https://www.xiaohongshu.com/discovery/item/68acf497000000001c035ed8?xsec_token=YBdZvl1eoZKS31xmjTwZNxUeCwdaJgq1_4F0ALVaXimeA%3D&xsec_source=app_share) (xhs_post) | [Haven't bought lenses recently after switching to glasses.](https://www.xiaohongshu.com/discovery/item/68e01b030000000004028c45?xsec_token=YBl4jikL3ZnvzZD6ekbsnJBAwxQKW7WE74TzsdMcNGI7U%3D&xsec_source=app_share) (xhs_post) | [Switching brands was tough; new lenses have made it easier to wear.](https://www.xiaohongshu.com/discovery/item/6a33df2400000002060298de?xsec_token=YBes10FcfTfQ2dO-itVVuFtoy9_dpzwL6a9pQy-B8ohVk%3D&xsec_source=app_share) (xhs_post)"
other,lack of familiarity,4,"[Curious about the quality of Live contact lenses, unsure of hydration.](https://www.xiaohongshu.com/discovery/item/65fd9eef000000000d00cd0a?xsec_token=YBMh3cSJ5DbrxPVGpfaGfW4OjZz_t7juyjyV0zmUDMwHY%3D&xsec_source=app_share) (xhs_post) | [No one seems to recommend these pink contact lenses.](https://www.xiaohongshu.com/discovery/item/6a3a361d0000000015024590?xsec_token=YB--AtVtN-0VP7dyL0tuacypaR6zK06rW5-oI1aO55cZg%3D&xsec_source=app_share) (xhs_post) | [I discovered a new brand that feels really comfortable.](https://www.xiaohongshu.com/discovery/item/6a27b06e000000002201b6e6?xsec_token=YBRouL9C6bLCYYsyx8VImNN34nthoGRQw8c2G5Lrrvi5Y%3D&xsec_source=app_share) (xhs_post)"
other,bad reviews,4,[Struggling with discomfort; feels like lenses are glued to my eyes.](https://www.xiaohongshu.com/discovery/item/68286a8f0000000012003628?xsec_token=YBmXCq_8oXUGPlW-5c08FGOXfNhSf-bSuKi3E4oY7YXPw%3D&xsec_source=app_share) (xhs_post) | [I heard negative feedback about these lenses breaking.](https://www.xiaohongshu.com/discovery/item/694165a0000000001e000734?xsec_token=YBbff-682p68p4Oqa_5rJKrfR_a0yRzAH9Tn2xAiZ1hCE%3D&xsec_source=app_share) (xhs_post) | [I'm concerned about the bad reviews regarding lenses breaking.](https://www.xiaohongshu.com/discovery/item/69f03581000000021a03e985?xsec_token=YBilIof_t3ko2xgjO2DgF0eYt3Dhj_S_taJl53BjuMw64%3D&xsec_source=app_share) (xhs_post)
other,not on promotion,2,[Trying brands on promotion due to my dry eyes.](https://www.xiaohongshu.com/discovery/item/6983cff7000000000a031fe7?xsec_token=YBxfRq4XpXENxstBEFY_P6InmzBjzKA6FhTEiQpAN7nWQ%3D&xsec_source=app_share) (xhs_post) | [Excited to see a buy one get one promotion for daily lenses.](https://www.xiaohongshu.com/discovery/item/6639aeea000000001e039671?xsec_token=YB77h2nRBbIzpXMXJBw6Dr2_Nw22IXOjayJ0bXkYDqEqk%3D&xsec_source=app_share) (xhs_post)
other,no ECP recommendation,2,"[The requirement for prescriptions is frustrating.](https://www.xiaohongshu.com/discovery/item/68840d7100000000230040c3?xsec_token=YBsN2_bsvUdoK6hoR-ydHmJ37KQhfgv0qo9prGAVAs8Qc%3D&xsec_source=app_share) (xhs_post) | [I need a prescription to buy lenses, which I forgot.](https://www.xiaohongshu.com/discovery/item/67c9052e0000000028036eee?xsec_token=YBq60hYNDRPPg2H_WO0eBO0x6bbb-Z5SWjUABAkrDa-mU%3D&xsec_source=app_share) (xhs_post)"
other,longer wait time,1,[I've waited almost a month for my contact lenses.](https://www.xiaohongshu.com/discovery/item/698dbb260000000015039f04?xsec_token=YBCIifWhsQv1dPwfcNZSegh95fYBzE2mcd5y-2oyKblzg%3D&xsec_source=app_share) (xhs_post)
other,not available at ECP,1,[I prefer not to visit physical stores; I'm frustrated that my usual lenses are out of stock.](https://www.xiaohongshu.com/discovery/item/6a062d470000000036019a7d?xsec_token=YBOUi9phYQt9SJE-bki9FxN350luKIHRsLht1aT4i1N-w%3D&xsec_source=app_share) (xhs_post)
